,Last_Update,Confirmed,Deaths,Recovered,Active,Latitude,Longitude,name
43424,1/22/20,14,0,0,0,40.1824,116.4142,Beijing
13937,1/31/20,139,1,5,0,40.1824,116.4142,Beijing
43462,1/23/20,22,0,0,0,40.1824,116.4142,Beijing
54964,1/24/20,36,0,1,0,40.1824,116.4142,Beijing
54922,1/25/20,41,0,2,0,40.1824,116.4142,Beijing
27185,1/26/20,68,0,2,0,40.1824,116.4142,Beijing
27232,1/27/20,80,1,2,0,40.1824,116.4142,Beijing
44421,1/28/20,91,1,4,0,40.1824,116.4142,Beijing
44472,1/29/20,111,1,4,0,40.1824,116.4142,Beijing
13999,1/30/20,114,1,4,0,40.1824,116.4142,Beijing
56228,2/1/20,168,1,9,0,40.1824,116.4142,Beijing
13802,2/2/20,191,1,9,0,40.1824,116.4142,Beijing
13869,2/3/20,212,1,12,0,40.1824,116.4142,Beijing
13463,2/4/20,228,1,23,0,40.1824,116.4142,Beijing
13392,2/5/20,253,1,24,0,40.1824,116.4142,Beijing
34485,2/6/20,274,1,31,0,40.1824,116.4142,Beijing
34556,2/7/20,297,1,33,0,40.1824,116.4142,Beijing
13533,2/8/20,315,2,34,0,40.1824,116.4142,Beijing
13605,2/9/20,326,2,37,0,40.1824,116.4142,Beijing
43591,2/10/20,337,2,44,0,40.1824,116.4142,Beijing
43519,2/11/20,342,3,48,0,40.1824,116.4142,Beijing
12822,2/12/20,352,3,56,0,40.1824,116.4142,Beijing
12895,2/13/20,366,3,69,0,40.1824,116.4142,Beijing
27116,2/14/20,372,3,80,0,40.1824,116.4142,Beijing
27041,2/15/20,375,4,98,0,40.1824,116.4142,Beijing
55014,2/16/20,380,4,108,0,40.1824,116.4142,Beijing
55090,2/17/20,381,4,114,0,40.1824,116.4142,Beijing
219,2/18/20,387,4,122,0,40.1824,116.4142,Beijing
294,2/19/20,393,4,145,0,40.1824,116.4142,Beijing
14143,2/20/20,395,4,153,0,40.1824,116.4142,Beijing
14059,2/21/20,396,4,169,0,40.1824,116.4142,Beijing
55166,2/22/20,399,4,178,0,40.1824,116.4142,Beijing
55250,2/23/20,399,4,189,0,40.1824,116.4142,Beijing
43760,2/24/20,399,4,198,0,40.1824,116.4142,Beijing
43666,2/25/20,400,4,215,0,40.1824,116.4142,Beijing
15,2/26/20,400,4,235,0,40.1824,116.4142,Beijing
116,2/27/20,410,5,248,0,40.1824,116.4142,Beijing
54192,2/28/20,410,7,257,0,40.1824,116.4142,Beijing
54307,2/29/20,411,8,271,0,40.1824,116.4142,Beijing
13682,3/1/20,413,8,276,0,40.1824,116.4142,Beijing
56091,3/2/20,414,8,282,0,40.1824,116.4142,Beijing
55940,3/3/20,414,8,288,0,40.1824,116.4142,Beijing
34157,3/4/20,418,8,297,0,40.1824,116.4142,Beijing
13200,3/6/20,422,8,299,0,40.1824,116.4142,Beijing
12977,3/7/20,426,8,303,0,40.1824,116.4142,Beijing
56569,3/8/20,428,8,308,0,40.1824,116.4142,Beijing
56303,3/9/20,428,8,315,0,40.1824,116.4142,Beijing
12409,3/10/20,429,8,320,0,40.1824,116.4142,Beijing
12620,3/11/20,435,8,326,0,40.1824,116.4142,Beijing
43232,3/12/20,435,8,334,0,40.1824,116.4142,Beijing
42987,3/13/20,436,8,342,0,40.1824,116.4142,Beijing
54440,3/14/20,437,8,349,0,40.1824,116.4142,Beijing
54689,3/15/20,442,8,353,0,40.1824,116.4142,Beijing
26789,3/16/20,452,8,360,0,40.1824,116.4142,Beijing
26513,3/17/20,456,8,369,0,40.1824,116.4142,Beijing
44160,3/18/20,469,8,378,0,40.1824,116.4142,Beijing
43874,3/19/20,480,8,380,0,40.1824,116.4142,Beijing
55364,3/20/20,491,8,390,0,40.1824,116.4142,Beijing
55672,3/21/20,504,8,396,0,40.1824,116.4142,Beijing
20827,3/22/20,514,8,400,106,40.1824,116.4142,Beijing
17383,3/23/20,537,8,401,128,40.1824,116.4142,Beijing
3532,3/24/20,558,8,401,149,40.1824,116.4142,Beijing
6948,3/25/20,561,8,403,150,40.1824,116.4142,Beijing
51118,3/26/20,566,8,406,152,40.1824,116.4142,Beijing
47696,3/27/20,569,8,408,153,40.1824,116.4142,Beijing
33887,3/28/20,573,8,410,155,40.1824,116.4142,Beijing
30457,3/29/20,577,8,412,157,40.1824,116.4142,Beijing
37801,3/30/20,577,8,415,154,40.1824,116.4142,Beijing
40233,3/31/20,580,8,418,154,40.1824,116.4142,Beijing
42718,4/1/20,580,8,418,154,40.1824,116.4142,Beijing
9503,4/2/20,582,8,424,150,40.1824,116.4142,Beijing
12128,4/3/20,584,8,434,142,40.1824,116.4142,Beijing
26220,4/4/20,585,8,438,139,40.1824,116.4142,Beijing
23538,4/5/20,586,8,441,137,40.1824,116.4142,Beijing
53912,4/6/20,587,8,443,136,40.1824,116.4142,Beijing
17906,3/22/20,126,1,0,0,42.3279514,-71.07850442,Boston
16926,3/23/20,154,1,0,0,42.3279514,-71.07850442,Boston
3077,3/24/20,234,1,0,0,42.3279514,-71.07850442,Boston
6494,3/25/20,342,1,0,0,42.3279514,-71.07850442,Boston
50666,3/26/20,448,2,0,0,42.3279514,-71.07850442,Boston
47237,3/27/20,631,2,0,0,42.3279514,-71.07850442,Boston
33430,3/28/20,843,3,0,0,42.3279514,-71.07850442,Boston
29996,3/29/20,940,3,0,0,42.3279514,-71.07850442,Boston
37336,3/30/20,1115,5,0,0,42.3279514,-71.07850442,Boston
39888,3/31/20,1373,6,0,0,42.3279514,-71.07850442,Boston
42369,4/1/20,1624,13,0,0,42.3279514,-71.07850442,Boston
9139,4/2/20,1896,19,0,0,42.3279514,-71.07850442,Boston
11752,4/3/20,2183,21,0,0,42.3279514,-71.07850442,Boston
25840,4/4/20,2429,26,0,0,42.3279514,-71.07850442,Boston
23148,4/5/20,2658,27,0,0,42.3279514,-71.07850442,Boston
53513,4/6/20,2929,31,0,0,42.3279514,-71.07850442,Boston
17758,3/22/20,805,4,0,0,41.84144849,-87.81658794,Chicago
14834,3/23/20,922,9,0,0,41.84144849,-87.81658794,Chicago
985,3/24/20,1194,9,0,0,41.84144849,-87.81658794,Chicago
4402,3/25/20,1418,14,0,0,41.84144849,-87.81658794,Chicago
48575,3/26/20,1418,18,0,0,41.84144849,-87.81658794,Chicago
45146,3/27/20,2239,20,0,0,41.84144849,-87.81658794,Chicago
31339,3/28/20,2613,28,0,0,41.84144849,-87.81658794,Chicago
27905,3/29/20,3445,40,0,0,41.84144849,-87.81658794,Chicago
35245,3/30/20,3727,44,0,0,41.84144849,-87.81658794,Chicago
38505,3/31/20,4496,61,0,0,41.84144849,-87.81658794,Chicago
40951,4/1/20,5152,95,0,0,41.84144849,-87.81658794,Chicago
7672,4/2/20,5575,107,0,0,41.84144849,-87.81658794,Chicago
10247,4/3/20,6111,141,0,0,41.84144849,-87.81658794,Chicago
24297,4/4/20,7439,167,0,0,41.84144849,-87.81658794,Chicago
21548,4/5/20,8034,186,0,0,41.84144849,-87.81658794,Chicago
51881,4/6/20,8728,209,0,0,41.84144849,-87.81658794,Chicago
17789,3/22/20,477,5,0,0,42.28098405,-83.281255,Detroit
17229,3/23/20,638,8,0,0,42.28098405,-83.281255,Detroit
3378,3/24/20,876,13,0,0,42.28098405,-83.281255,Detroit
6794,3/25/20,1122,21,0,0,42.28098405,-83.281255,Detroit
50964,3/26/20,1389,26,0,0,42.28098405,-83.281255,Detroit
47542,3/27/20,1810,37,0,0,42.28098405,-83.281255,Detroit
33732,3/28/20,2316,46,0,0,42.28098405,-83.281255,Detroit
30302,3/29/20,2704,56,0,0,42.28098405,-83.281255,Detroit
37646,3/30/20,3195,83,0,0,42.28098405,-83.281255,Detroit
40122,3/31/20,3735,120,0,0,42.28098405,-83.281255,Detroit
42606,4/1/20,4470,146,0,0,42.28098405,-83.281255,Detroit
9387,4/2/20,5069,194,0,0,42.28098405,-83.281255,Detroit
12008,4/3/20,6096,223,0,0,42.28098405,-83.281255,Detroit
26101,4/4/20,6762,252,0,0,42.28098405,-83.281255,Detroit
23416,4/5/20,7518,293,0,0,42.28098405,-83.281255,Detroit
53787,4/6/20,8270,346,0,0,42.28098405,-83.281255,Detroit
13965,1/31/20,5,0,0,0,46.2276,2.2137,France
55001,1/24/20,2,0,0,0,46.2276,2.2137,France
54957,1/25/20,3,0,0,0,46.2276,2.2137,France
27221,1/26/20,3,0,0,0,46.2276,2.2137,France
27268,1/27/20,3,0,0,0,46.2276,2.2137,France
44454,1/28/20,4,0,0,0,46.2276,2.2137,France
44506,1/29/20,5,0,0,0,46.2276,2.2137,France
14031,1/30/20,5,0,0,0,46.2276,2.2137,France
56255,2/1/20,6,0,0,0,46.2276,2.2137,France
13421,2/1/20,6,0,0,0,46.2276,2.2137,France
13562,2/8/20,11,0,0,0,46.2276,2.2137,France
12850,2/12/20,11,0,2,0,46.2276,2.2137,France
246,2/15/20,12,1,4,0,46.2276,2.2137,France
43696,2/25/20,14,1,11,0,46.2276,2.2137,France
43,2/26/20,18,2,11,0,46.2276,2.2137,France
141,2/27/20,38,2,11,0,46.2276,2.2137,France
54213,2/28/20,57,2,11,0,46.2276,2.2137,France
54321,2/29/20,100,2,12,0,46.2276,2.2137,France
13694,3/1/20,130,2,12,0,46.2276,2.2137,France
56098,3/2/20,191,3,12,0,46.2276,2.2137,France
55947,3/3/20,204,4,12,0,46.2276,2.2137,France
34162,3/4/20,285,4,12,0,46.2276,2.2137,France
34319,3/5/20,377,6,12,0,46.2276,2.2137,France
13195,3/6/20,653,9,12,0,46.2276,2.2137,France
12966,3/7/20,949,11,12,0,46.2276,2.2137,France
56556,3/8/20,1126,19,12,0,46.2276,2.2137,France
56290,3/9/20,1209,19,12,0,46.2276,2.2137,France
12392,3/10/20,1784,33,12,0,46.2276,2.2137,France
12598,3/11/20,2281,48,12,0,46.2276,2.2137,France
43054,3/11/20,3661,79,12,0,46.2276,2.2137,France
54416,3/14/20,4469,91,12,0,46.2276,2.2137,France
54665,3/15/20,4499,91,12,0,46.2276,2.2137,France
26763,3/16/20,6633,148,12,0,46.2276,2.2137,France
26487,3/17/20,7652,148,12,0,46.2276,2.2137,France
44133,3/18/20,9043,148,12,0,46.2276,2.2137,France
43841,3/19/20,10871,243,12,0,46.2276,2.2137,France
55326,3/20/20,12612,450,12,0,46.2276,2.2137,France
55625,3/21/20,14282,562,12,0,46.2276,2.2137,France
20858,3/22/20,16018,674,2200,13144,46.2276,2.2137,France
3663,3/24/20,22304,1100,3281,17923,46.2276,2.2137,France
7080,3/25/20,25233,1331,3900,20002,46.2276,2.2137,France
51252,3/26/20,29155,1696,4948,22511,46.2276,2.2137,France
47831,3/27/20,32964,1995,5700,25269,46.2276,2.2137,France
34024,3/28/20,37575,2314,5700,29561,46.2276,2.2137,France
30594,3/29/20,40174,2606,7202,30366,46.2276,2.2137,France
37939,3/30/20,44550,3024,7927,33599,46.2276,2.2137,France
40372,3/31/20,52128,3523,9444,39161,46.2276,2.2137,France
42857,4/1/20,56989,4032,10934,42023,46.2276,2.2137,France
9643,4/2/20,59105,5387,12428,41290,46.2276,2.2137,France
12268,4/3/20,64338,6507,14008,43823,46.2276,2.2137,France
26361,4/4/20,89953,7560,15438,66955,46.2276,2.2137,France
23680,4/5/20,92839,8078,16183,68578,46.2276,2.2137,France
54054,4/6/20,98010,8911,17250,71849,46.2276,2.2137,France
56253,2/1/20,8,0,0,0,51.1657,10.4515,Germany
13826,2/2/20,10,0,0,0,51.1657,10.4515,Germany
13416,2/3/20,12,0,0,0,51.1657,10.4515,Germany
13560,2/7/20,13,0,0,0,51.1657,10.4515,Germany
13632,2/9/20,14,0,0,0,51.1657,10.4515,Germany
12848,2/11/20,16,0,0,0,51.1657,10.4515,Germany
12921,2/13/20,16,0,1,0,51.1657,10.4515,Germany
244,2/18/20,16,0,12,0,51.1657,10.4515,Germany
14086,2/21/20,16,0,14,0,51.1657,10.4515,Germany
43694,2/25/20,17,0,14,0,51.1657,10.4515,Germany
40,2/26/20,27,0,15,0,51.1657,10.4515,Germany
137,2/27/20,46,0,16,0,51.1657,10.4515,Germany
54214,2/28/20,48,0,16,0,51.1657,10.4515,Germany
54325,2/29/20,79,0,16,0,51.1657,10.4515,Germany
13695,3/1/20,130,0,16,0,51.1657,10.4515,Germany
56101,3/2/20,159,0,16,0,51.1657,10.4515,Germany
55948,3/3/20,196,0,16,0,51.1657,10.4515,Germany
34163,3/4/20,262,0,16,0,51.1657,10.4515,Germany
34316,3/5/20,482,0,16,0,51.1657,10.4515,Germany
13194,3/6/20,670,0,17,0,51.1657,10.4515,Germany
12968,3/7/20,799,0,18,0,51.1657,10.4515,Germany
56557,3/8/20,1040,0,18,0,51.1657,10.4515,Germany
56291,3/9/20,1176,2,18,0,51.1657,10.4515,Germany
12394,3/10/20,1457,2,18,0,51.1657,10.4515,Germany
12600,3/11/20,1908,3,25,0,51.1657,10.4515,Germany
43028,3/11/20,3675,7,46,0,51.1657,10.4515,Germany
43211,3/12/20,2078,3,25,0,51.1657,10.4515,Germany
54415,3/14/20,4585,9,46,0,51.1657,10.4515,Germany
54664,3/15/20,5795,11,46,0,51.1657,10.4515,Germany
26762,3/16/20,7272,17,67,0,51.1657,10.4515,Germany
26485,3/17/20,9257,24,67,0,51.1657,10.4515,Germany
44132,3/18/20,12327,28,105,0,51.1657,10.4515,Germany
43840,3/19/20,15320,44,113,0,51.1657,10.4515,Germany
55324,3/20/20,19848,67,180,0,51.1657,10.4515,Germany
55623,3/21/20,22213,84,233,0,51.1657,10.4515,Germany
20856,3/22/20,24873,94,266,24513,51.1657,10.4515,Germany
17516,3/23/20,29056,123,453,28480,51.1657,10.4515,Germany
3667,3/24/20,32986,157,3243,29586,51.1657,10.4515,Germany
7084,3/25/20,37323,206,3547,33570,51.1657,10.4515,Germany
51256,3/26/20,43938,267,5673,37998,51.1657,10.4515,Germany
47835,3/27/20,50871,342,6658,43871,51.1657,10.4515,Germany
34028,3/28/20,57695,433,8481,48781,51.1657,10.4515,Germany
30598,3/29/20,62095,533,9211,52351,51.1657,10.4515,Germany
37943,3/30/20,66885,645,13500,52740,51.1657,10.4515,Germany
40376,3/31/20,71808,775,16100,54933,51.1657,10.4515,Germany
42861,4/1/20,77872,920,18700,58252,51.1657,10.4515,Germany
9647,4/2/20,84794,1107,22440,61247,51.1657,10.4515,Germany
12272,4/3/20,91159,1275,24575,65309,51.1657,10.4515,Germany
26365,4/4/20,96092,1444,26400,68248,51.1657,10.4515,Germany
23684,4/5/20,100123,1584,28700,69839,51.1657,10.4515,Germany
54058,4/6/20,103374,1810,28700,72864,51.1657,10.4515,Germany
20445,3/22/20,0,0,0,0,31.31925973,-95.42226208,Houston
15509,3/23/20,0,0,0,0,31.31925973,-95.42226208,Houston
1660,3/24/20,0,0,0,0,31.31925973,-95.42226208,Houston
5077,3/25/20,0,0,0,0,31.31925973,-95.42226208,Houston
49249,3/26/20,0,0,0,0,31.31925973,-95.42226208,Houston
45820,3/27/20,0,0,0,0,31.31925973,-95.42226208,Houston
32013,3/28/20,0,0,0,0,31.31925973,-95.42226208,Houston
28579,3/29/20,0,0,0,0,31.31925973,-95.42226208,Houston
35919,3/30/20,0,0,0,0,31.31925973,-95.42226208,Houston
20823,3/22/20,67800,3144,59433,5223,30.9756,112.2707,Hubei
17412,3/23/20,67800,3153,59882,4765,30.9756,112.2707,Hubei
3560,3/24/20,67801,3160,60324,4317,30.9756,112.2707,Hubei
6976,3/25/20,67801,3163,60811,3827,30.9756,112.2707,Hubei
51146,3/26/20,67801,3169,61201,3431,30.9756,112.2707,Hubei
47724,3/27/20,67801,3174,61732,2895,30.9756,112.2707,Hubei
33916,3/28/20,67801,3177,62098,2526,30.9756,112.2707,Hubei
30486,3/29/20,67801,3182,62570,2049,30.9756,112.2707,Hubei
37830,3/30/20,67801,3186,62889,1726,30.9756,112.2707,Hubei
40262,3/31/20,67801,3187,63153,1461,30.9756,112.2707,Hubei
42747,4/1/20,67802,3193,63326,1283,30.9756,112.2707,Hubei
9533,4/2/20,67802,3199,63471,1132,30.9756,112.2707,Hubei
12158,4/3/20,67802,3203,63612,987,30.9756,112.2707,Hubei
26251,4/4/20,67803,3207,63762,834,30.9756,112.2707,Hubei
23569,4/5/20,67803,3210,63945,648,30.9756,112.2707,Hubei
53943,4/6/20,67803,3212,64014,577,30.9756,112.2707,Hubei
334,2/19/20,2,2,0,0,32.4279,53.688,Iran
14176,2/20/20,5,2,0,0,32.4279,53.688,Iran
14084,2/21/20,18,4,0,0,32.4279,53.688,Iran
55188,2/22/20,28,5,0,0,32.4279,53.688,Iran
55271,2/23/20,43,8,0,0,32.4279,53.688,Iran
43781,2/24/20,61,12,0,0,32.4279,53.688,Iran
43680,2/25/20,95,16,0,0,32.4279,53.688,Iran
25,2/26/20,139,19,49,0,32.4279,53.688,Iran
121,2/27/20,245,26,49,0,32.4279,53.688,Iran
54193,2/28/20,388,34,73,0,32.4279,53.688,Iran
54303,2/29/20,593,43,123,0,32.4279,53.688,Iran
13674,3/1/20,978,54,175,0,32.4279,53.688,Iran
56078,3/2/20,1501,66,291,0,32.4279,53.688,Iran
55927,3/3/20,2336,77,291,0,32.4279,53.688,Iran
34144,3/4/20,2922,92,552,0,32.4279,53.688,Iran
34304,3/5/20,3513,107,739,0,32.4279,53.688,Iran
13184,3/6/20,4747,124,913,0,32.4279,53.688,Iran
12960,3/7/20,5823,145,1669,0,32.4279,53.688,Iran
56552,3/8/20,6566,194,2134,0,32.4279,53.688,Iran
56286,3/9/20,7161,237,2394,0,32.4279,53.688,Iran
12390,3/10/20,8042,291,2731,0,32.4279,53.688,Iran
12596,3/11/20,9000,354,2959,0,32.4279,53.688,Iran
43072,3/11/20,11364,514,2959,0,32.4279,53.688,Iran
43207,3/12/20,10075,429,2959,0,32.4279,53.688,Iran
54412,3/14/20,12729,611,2959,0,32.4279,53.688,Iran
54661,3/15/20,13938,724,4590,0,32.4279,53.688,Iran
26759,3/16/20,14991,853,4590,0,32.4279,53.688,Iran
26483,3/17/20,16169,988,5389,0,32.4279,53.688,Iran
44130,3/18/20,17361,1135,5389,0,32.4279,53.688,Iran
43838,3/19/20,18407,1284,5710,0,32.4279,53.688,Iran
55325,3/20/20,19644,1433,6745,0,32.4279,53.688,Iran
55624,3/21/20,20610,1556,7635,0,32.4279,53.688,Iran
20857,3/22/20,21638,1685,7635,12318,32.4279,53.688,Iran
17530,3/23/20,23049,1812,8376,12861,32.4279,53.688,Iran
3681,3/24/20,24811,1934,8913,13964,32.4279,53.688,Iran
7099,3/25/20,27017,2077,9625,15315,32.4279,53.688,Iran
51271,3/26/20,29406,2234,10457,16715,32.4279,53.688,Iran
47850,3/27/20,32332,2378,11133,18821,32.4279,53.688,Iran
34043,3/28/20,35408,2517,11679,21212,32.4279,53.688,Iran
30613,3/29/20,38309,2640,12391,23278,32.4279,53.688,Iran
37958,3/30/20,41495,2757,13911,24827,32.4279,53.688,Iran
40391,3/31/20,44605,2898,14656,27051,32.4279,53.688,Iran
42876,4/1/20,47593,3036,15473,29084,32.4279,53.688,Iran
9662,4/2/20,50468,3160,16711,30597,32.4279,53.688,Iran
12287,4/3/20,53183,3294,17935,31954,32.4279,53.688,Iran
26380,4/4/20,55743,3452,19736,32555,32.4279,53.688,Iran
23699,4/5/20,58226,3603,19736,34887,32.4279,53.688,Iran
54073,4/6/20,60500,3739,24236,32525,32.4279,53.688,Iran
13975,1/31/20,2,0,0,0,41.87194,12.56738,Italy
56262,1/31/20,2,0,0,0,41.87194,12.56738,Italy
13430,1/31/20,2,0,0,0,41.87194,12.56738,Italy
255,2/7/20,3,0,0,0,41.87194,12.56738,Italy
14083,2/21/20,20,1,0,0,41.87194,12.56738,Italy
55186,2/22/20,62,2,1,0,41.87194,12.56738,Italy
55258,2/23/20,155,3,2,0,41.87194,12.56738,Italy
43766,2/24/20,229,7,1,0,41.87194,12.56738,Italy
43668,2/25/20,322,10,1,0,41.87194,12.56738,Italy
14,2/26/20,453,12,3,0,41.87194,12.56738,Italy
111,2/27/20,655,17,45,0,41.87194,12.56738,Italy
54185,2/28/20,888,21,46,0,41.87194,12.56738,Italy
54296,2/29/20,1128,29,46,0,41.87194,12.56738,Italy
13668,3/1/20,1694,34,83,0,41.87194,12.56738,Italy
56077,3/2/20,2036,52,149,0,41.87194,12.56738,Italy
55926,3/3/20,2502,79,160,0,41.87194,12.56738,Italy
34143,3/4/20,3089,107,276,0,41.87194,12.56738,Italy
34303,3/5/20,3858,148,414,0,41.87194,12.56738,Italy
13185,3/6/20,4636,197,523,0,41.87194,12.56738,Italy
12959,3/7/20,5883,233,589,0,41.87194,12.56738,Italy
56550,3/8/20,7375,366,622,0,41.87194,12.56738,Italy
56284,3/9/20,9172,463,724,0,41.87194,12.56738,Italy
12389,3/10/20,10149,631,724,0,41.87194,12.56738,Italy
12595,3/11/20,12462,827,1045,0,41.87194,12.56738,Italy
43037,3/11/20,17660,1266,1439,0,41.87194,12.56738,Italy
54411,3/14/20,21157,1441,1966,0,41.87194,12.56738,Italy
54660,3/14/20,24747,1809,2335,0,41.87194,12.56738,Italy
26758,3/16/20,27980,2158,2749,0,41.87194,12.56738,Italy
26482,3/17/20,31506,2503,2941,0,41.87194,12.56738,Italy
44129,3/18/20,35713,2978,4025,0,41.87194,12.56738,Italy
43837,3/19/20,41035,3405,4440,0,41.87194,12.56738,Italy
55322,3/20/20,47021,4032,4440,0,41.87194,12.56738,Italy
55621,3/21/20,53578,4825,6072,0,41.87194,12.56738,Italy
20854,3/22/20,59138,5476,7024,46638,41.87194,12.56738,Italy
17534,3/23/20,63927,6077,7432,50418,41.87194,12.56738,Italy
3685,3/24/20,69176,6820,8326,54030,41.87194,12.56738,Italy
7103,3/25/20,74386,7503,9362,57521,41.87194,12.56738,Italy
51275,3/26/20,80589,8215,10361,62013,41.87194,12.56738,Italy
47854,3/27/20,86498,9134,10950,66414,41.87194,12.56738,Italy
34047,3/28/20,92472,10023,12384,70065,41.87194,12.56738,Italy
30617,3/29/20,97689,10779,13030,73880,41.87194,12.56738,Italy
37962,3/30/20,101739,11591,14620,75528,41.87194,12.56738,Italy
40395,3/31/20,105792,12428,15729,77635,41.87194,12.56738,Italy
42880,4/1/20,110574,13155,16847,80572,41.87194,12.56738,Italy
9666,4/2/20,115242,13915,18278,83049,41.87194,12.56738,Italy
12291,4/3/20,119827,14681,19758,85388,41.87194,12.56738,Italy
26384,4/4/20,124632,15362,20996,88274,41.87194,12.56738,Italy
23703,4/5/20,128948,15887,21815,91246,41.87194,12.56738,Italy
54077,4/6/20,132547,16523,22837,93187,41.87194,12.56738,Italy
13964,1/31/20,8,0,0,0,4.210484,101.975766,Malaysia
56252,1/31/20,8,0,0,0,4.210484,101.975766,Malaysia
43501,1/23/20,0,0,0,0,4.210484,101.975766,Malaysia
54960,1/25/20,3,0,0,0,4.210484,101.975766,Malaysia
27224,1/26/20,4,0,0,0,4.210484,101.975766,Malaysia
27270,1/27/20,4,0,0,0,4.210484,101.975766,Malaysia
44456,1/28/20,4,0,0,0,4.210484,101.975766,Malaysia
44508,1/29/20,7,0,0,0,4.210484,101.975766,Malaysia
14033,1/30/20,8,0,0,0,4.210484,101.975766,Malaysia
13829,1/31/20,8,0,0,0,4.210484,101.975766,Malaysia
13490,2/4/20,10,0,0,0,4.210484,101.975766,Malaysia
13417,2/5/20,12,0,0,0,4.210484,101.975766,Malaysia
34583,2/7/20,12,0,1,0,4.210484,101.975766,Malaysia
13559,2/8/20,16,0,1,0,4.210484,101.975766,Malaysia
43616,2/10/20,18,0,1,0,4.210484,101.975766,Malaysia
12846,2/11/20,18,0,3,0,4.210484,101.975766,Malaysia
12918,2/13/20,19,0,3,0,4.210484,101.975766,Malaysia
27064,2/15/20,22,0,7,0,4.210484,101.975766,Malaysia
241,2/18/20,22,0,13,0,4.210484,101.975766,Malaysia
317,2/19/20,22,0,15,0,4.210484,101.975766,Malaysia
42,2/24/20,22,0,18,0,4.210484,101.975766,Malaysia
144,2/27/20,23,0,18,0,4.210484,101.975766,Malaysia
54335,2/29/20,25,0,18,0,4.210484,101.975766,Malaysia
13711,3/1/20,29,0,18,0,4.210484,101.975766,Malaysia
55970,3/3/20,36,0,22,0,4.210484,101.975766,Malaysia
34185,3/4/20,50,0,22,0,4.210484,101.975766,Malaysia
13224,3/6/20,83,0,22,0,4.210484,101.975766,Malaysia
12999,3/7/20,93,0,23,0,4.210484,101.975766,Malaysia
56591,3/8/20,99,0,24,0,4.210484,101.975766,Malaysia
56324,3/9/20,117,0,24,0,4.210484,101.975766,Malaysia
12431,3/10/20,129,0,24,0,4.210484,101.975766,Malaysia
12636,3/11/20,149,0,26,0,4.210484,101.975766,Malaysia
43126,3/11/20,197,0,26,0,4.210484,101.975766,Malaysia
54448,3/14/20,238,0,35,0,4.210484,101.975766,Malaysia
54690,3/15/20,428,0,42,0,4.210484,101.975766,Malaysia
26785,3/16/20,566,0,42,0,4.210484,101.975766,Malaysia
26508,3/17/20,673,2,49,0,4.210484,101.975766,Malaysia
44152,3/18/20,790,2,60,0,4.210484,101.975766,Malaysia
43861,3/19/20,900,2,75,0,4.210484,101.975766,Malaysia
55342,3/20/20,1030,3,87,0,4.210484,101.975766,Malaysia
55643,3/21/20,1183,4,114,0,4.210484,101.975766,Malaysia
20870,3/22/20,1306,10,139,1157,4.210484,101.975766,Malaysia
17550,3/23/20,1518,14,159,1345,4.210484,101.975766,Malaysia
3703,3/24/20,1624,16,183,1425,4.210484,101.975766,Malaysia
7121,3/25/20,1796,20,199,1577,4.210484,101.975766,Malaysia
51294,3/26/20,2031,23,215,1793,4.210484,101.975766,Malaysia
47873,3/27/20,2161,26,259,1876,4.210484,101.975766,Malaysia
34067,3/28/20,2320,27,320,1973,4.210484,101.975766,Malaysia
30637,3/29/20,2470,35,388,2047,4.210484,101.975766,Malaysia
37982,3/30/20,2626,37,479,2110,4.210484,101.975766,Malaysia
40415,3/31/20,2766,43,537,2186,4.210484,101.975766,Malaysia
42900,4/1/20,2908,45,645,2218,4.210484,101.975766,Malaysia
9687,4/2/20,3116,50,767,2299,4.210484,101.975766,Malaysia
12312,4/3/20,3333,53,827,2453,4.210484,101.975766,Malaysia
26405,4/4/20,3483,57,915,2511,4.210484,101.975766,Malaysia
23724,4/5/20,3662,61,1005,2596,4.210484,101.975766,Malaysia
54098,4/6/20,3793,62,1241,2490,4.210484,101.975766,Malaysia
18146,3/22/20,182,2,0,0,43.00486062,-87.96733172,Milwaukee
16136,3/23/20,204,3,0,0,43.00486062,-87.96733172,Milwaukee
2287,3/24/20,243,3,0,0,43.00486062,-87.96733172,Milwaukee
5704,3/25/20,325,4,0,0,43.00486062,-87.96733172,Milwaukee
49876,3/26/20,347,7,0,0,43.00486062,-87.96733172,Milwaukee
46447,3/27/20,411,8,0,0,43.00486062,-87.96733172,Milwaukee
32640,3/28/20,541,9,0,0,43.00486062,-87.96733172,Milwaukee
29206,3/29/20,606,10,0,0,43.00486062,-87.96733172,Milwaukee
36546,3/30/20,617,10,0,0,43.00486062,-87.96733172,Milwaukee
39355,3/31/20,710,11,0,0,43.00486062,-87.96733172,Milwaukee
41825,4/1/20,780,12,0,0,43.00486062,-87.96733172,Milwaukee
8582,4/2/20,869,16,0,0,43.00486062,-87.96733172,Milwaukee
11179,4/3/20,1023,24,0,0,43.00486062,-87.96733172,Milwaukee
25257,4/4/20,1023,24,0,0,43.00486062,-87.96733172,Milwaukee
22542,4/5/20,1190,39,0,0,43.00486062,-87.96733172,Milwaukee
52894,4/6/20,1256,40,0,0,43.00486062,-87.96733172,Milwaukee
34289,3/2/20,1,0,0,0,40.7672726,-73.97152637,New York City
34398,3/5/20,4,0,0,0,40.7672726,-73.97152637,New York City
17621,3/22/20,9654,63,0,0,40.7672726,-73.97152637,New York City
16273,3/23/20,12305,99,0,0,40.7672726,-73.97152637,New York City
2424,3/24/20,14904,131,0,0,40.7672726,-73.97152637,New York City
5841,3/25/20,17856,199,0,0,40.7672726,-73.97152637,New York City
50013,3/26/20,21873,281,0,0,40.7672726,-73.97152637,New York City
46584,3/27/20,25573,366,0,0,40.7672726,-73.97152637,New York City
32777,3/28/20,29776,517,0,0,40.7672726,-73.97152637,New York City
29343,3/29/20,33768,678,0,0,40.7672726,-73.97152637,New York City
36683,3/30/20,37453,790,0,0,40.7672726,-73.97152637,New York City
39453,3/31/20,43119,932,0,0,40.7672726,-73.97152637,New York City
41926,4/1/20,47439,1139,0,0,40.7672726,-73.97152637,New York City
8684,4/2/20,51809,1397,0,0,40.7672726,-73.97152637,New York City
11284,4/3/20,57159,1584,0,0,40.7672726,-73.97152637,New York City
25361,4/4/20,63306,1905,0,0,40.7672726,-73.97152637,New York City
22648,4/5/20,67551,2256,0,0,40.7672726,-73.97152637,New York City
53004,4/6/20,72181,3485,0,0,40.7672726,-73.97152637,New York City
85,2/26/20,1,0,0,0,60.472,8.4689,Norway
191,2/27/20,1,0,0,0,60.472,8.4689,Norway
54232,2/28/20,6,0,0,0,60.472,8.4689,Norway
54341,2/29/20,15,0,0,0,60.472,8.4689,Norway
13715,3/1/20,19,0,0,0,60.472,8.4689,Norway
56123,3/2/20,25,0,0,0,60.472,8.4689,Norway
55972,3/3/20,32,0,0,0,60.472,8.4689,Norway
34183,3/4/20,56,0,0,0,60.472,8.4689,Norway
34340,3/5/20,87,0,0,0,60.472,8.4689,Norway
13220,3/6/20,108,0,0,0,60.472,8.4689,Norway
12990,3/7/20,147,0,0,0,60.472,8.4689,Norway
56580,3/8/20,176,0,0,0,60.472,8.4689,Norway
56314,3/9/20,205,0,1,0,60.472,8.4689,Norway
12410,3/10/20,400,0,1,0,60.472,8.4689,Norway
12612,3/11/20,598,0,1,0,60.472,8.4689,Norway
43053,3/11/20,996,0,1,0,60.472,8.4689,Norway
43219,3/12/20,702,0,1,0,60.472,8.4689,Norway
54422,3/14/20,1090,3,1,0,60.472,8.4689,Norway
54670,3/15/20,1221,3,1,0,60.472,8.4689,Norway
26768,3/16/20,1333,3,1,0,60.472,8.4689,Norway
26492,3/17/20,1463,3,1,0,60.472,8.4689,Norway
44140,3/18/20,1550,6,1,0,60.472,8.4689,Norway
43849,3/19/20,1746,7,1,0,60.472,8.4689,Norway
55334,3/20/20,1914,7,1,0,60.472,8.4689,Norway
55633,3/21/20,2118,7,1,0,60.472,8.4689,Norway
20865,3/22/20,2263,7,6,2250,60.472,8.4689,Norway
17570,3/23/20,2621,10,6,2605,60.472,8.4689,Norway
3723,3/24/20,2863,12,6,2845,60.472,8.4689,Norway
7142,3/25/20,3084,14,6,3064,60.472,8.4689,Norway
51315,3/26/20,3369,14,6,3349,60.472,8.4689,Norway
47894,3/27/20,3755,19,6,3730,60.472,8.4689,Norway
34088,3/28/20,4015,23,7,3985,60.472,8.4689,Norway
30658,3/29/20,4284,25,7,4252,60.472,8.4689,Norway
38003,3/30/20,4445,32,12,4401,60.472,8.4689,Norway
40436,3/31/20,4641,39,13,4589,60.472,8.4689,Norway
42921,4/1/20,4863,44,13,4806,60.472,8.4689,Norway
9708,4/2/20,5147,50,32,5065,60.472,8.4689,Norway
12333,4/3/20,5370,59,32,5279,60.472,8.4689,Norway
26426,4/4/20,5550,62,32,5456,60.472,8.4689,Norway
23745,4/5/20,5687,71,32,5584,60.472,8.4689,Norway
54119,4/6/20,5865,76,32,5757,60.472,8.4689,Norway
13315,3/5/20,2,0,0,0,37.75215114,-122.4385672,San Francisco
13048,3/7/20,9,0,0,0,37.75215114,-122.4385672,San Francisco
56386,3/8/20,9,0,0,0,37.75215114,-122.4385672,San Francisco
17722,3/22/20,108,0,0,0,37.75215114,-122.4385672,San Francisco
16715,3/23/20,131,0,0,0,37.75215114,-122.4385672,San Francisco
2866,3/24/20,152,0,0,0,37.75215114,-122.4385672,San Francisco
6283,3/25/20,178,1,0,0,37.75215114,-122.4385672,San Francisco
50455,3/26/20,223,2,0,0,37.75215114,-122.4385672,San Francisco
47026,3/27/20,279,3,0,0,37.75215114,-122.4385672,San Francisco
33219,3/28/20,308,4,0,0,37.75215114,-122.4385672,San Francisco
29785,3/29/20,340,4,0,0,37.75215114,-122.4385672,San Francisco
37125,3/30/20,374,6,0,0,37.75215114,-122.4385672,San Francisco
39741,3/31/20,397,6,0,0,37.75215114,-122.4385672,San Francisco
42219,4/1/20,434,7,0,0,37.75215114,-122.4385672,San Francisco
8986,4/2/20,450,7,0,0,37.75215114,-122.4385672,San Francisco
11599,4/3/20,497,7,0,0,37.75215114,-122.4385672,San Francisco
25684,4/4/20,529,8,0,0,37.75215114,-122.4385672,San Francisco
22986,4/5/20,568,8,0,0,37.75215114,-122.4385672,San Francisco
53349,4/6/20,583,9,0,0,37.75215114,-122.4385672,San Francisco
17666,3/22/20,1040,75,0,0,47.49137892,-121.8346131,Seattle
15712,3/23/20,1170,87,0,0,47.49137892,-121.8346131,Seattle
1863,3/24/20,1170,87,0,0,47.49137892,-121.8346131,Seattle
5280,3/25/20,1359,101,0,0,47.49137892,-121.8346131,Seattle
49452,3/26/20,1577,109,0,0,47.49137892,-121.8346131,Seattle
46023,3/27/20,1577,109,0,0,47.49137892,-121.8346131,Seattle
32216,3/28/20,2077,136,0,0,47.49137892,-121.8346131,Seattle
28782,3/29/20,2159,141,0,0,47.49137892,-121.8346131,Seattle
36122,3/30/20,2161,144,0,0,47.49137892,-121.8346131,Seattle
39069,3/31/20,2330,150,0,0,47.49137892,-121.8346131,Seattle
41531,4/1/20,2330,150,0,0,47.49137892,-121.8346131,Seattle
8274,4/2/20,2656,175,0,0,47.49137892,-121.8346131,Seattle
10862,4/3/20,2787,186,0,0,47.49137892,-121.8346131,Seattle
24927,4/4/20,2898,200,0,0,47.49137892,-121.8346131,Seattle
22203,4/5/20,3167,208,0,0,47.49137892,-121.8346131,Seattle
52549,4/6/20,3331,222,0,0,47.49137892,-121.8346131,Seattle
43460,1/22/20,1,0,0,0,35.907757,127.766922,South Korea
13963,1/31/20,11,0,0,0,35.907757,127.766922,South Korea
43498,1/23/20,1,0,0,0,35.907757,127.766922,South Korea
54998,1/24/20,2,0,0,0,35.907757,127.766922,South Korea
54954,1/25/20,2,0,0,0,35.907757,127.766922,South Korea
27218,1/26/20,3,0,0,0,35.907757,127.766922,South Korea
27265,1/27/20,4,0,0,0,35.907757,127.766922,South Korea
44451,1/28/20,4,0,0,0,35.907757,127.766922,South Korea
44503,1/29/20,4,0,0,0,35.907757,127.766922,South Korea
14028,1/30/20,4,0,0,0,35.907757,127.766922,South Korea
56249,2/1/20,12,0,0,0,35.907757,127.766922,South Korea
13824,2/2/20,15,0,0,0,35.907757,127.766922,South Korea
13485,2/4/20,16,0,0,0,35.907757,127.766922,South Korea
13414,2/5/20,19,0,0,0,35.907757,127.766922,South Korea
34507,2/6/20,23,0,0,0,35.907757,127.766922,South Korea
13556,2/7/20,24,0,1,0,35.907757,127.766922,South Korea
13628,2/9/20,25,0,3,0,35.907757,127.766922,South Korea
43613,2/10/20,27,0,3,0,35.907757,127.766922,South Korea
43540,2/11/20,28,0,3,0,35.907757,127.766922,South Korea
12844,2/12/20,28,0,7,0,35.907757,127.766922,South Korea
27063,2/15/20,28,0,9,0,35.907757,127.766922,South Korea
55036,2/16/20,29,0,9,0,35.907757,127.766922,South Korea
55111,2/17/20,30,0,10,0,35.907757,127.766922,South Korea
240,2/18/20,31,0,12,0,35.907757,127.766922,South Korea
14155,2/20/20,104,1,16,0,35.907757,127.766922,South Korea
14065,2/21/20,204,2,16,0,35.907757,127.766922,South Korea
55165,2/22/20,433,2,16,0,35.907757,127.766922,South Korea
55246,2/23/20,602,6,18,0,35.907757,127.766922,South Korea
43753,2/24/20,833,8,18,0,35.907757,127.766922,South Korea
43658,2/25/20,977,10,22,0,35.907757,127.766922,South Korea
3,2/26/20,1261,12,22,0,35.907757,127.766922,South Korea
102,2/27/20,1766,13,22,0,35.907757,127.766922,South Korea
54178,2/28/20,2337,13,22,0,35.907757,127.766922,South Korea
54292,2/29/20,3150,16,27,0,35.907757,127.766922,South Korea
13667,3/1/20,3736,17,30,0,35.907757,127.766922,South Korea
56076,3/2/20,4335,28,30,0,35.907757,127.766922,South Korea
55925,3/3/20,5186,28,30,0,35.907757,127.766922,South Korea
34142,3/4/20,5621,35,41,0,35.907757,127.766922,South Korea
34302,3/5/20,6088,35,41,0,35.907757,127.766922,South Korea
13183,3/6/20,6593,42,135,0,35.907757,127.766922,South Korea
12958,3/7/20,7041,44,135,0,35.907757,127.766922,South Korea
56551,3/8/20,7314,50,118,0,35.907757,127.766922,South Korea
56285,3/9/20,7478,53,118,0,35.907757,127.766922,South Korea
12391,3/10/20,7513,54,247,0,35.907757,127.766922,South Korea
12597,3/11/20,7755,60,288,0,35.907757,127.766922,South Korea
43088,3/11/20,7979,66,510,0,35.907757,127.766922,South Korea
43208,3/12/20,7869,66,333,0,35.907757,127.766922,South Korea
54413,3/14/20,8086,72,510,0,35.907757,127.766922,South Korea
54662,3/15/20,8162,75,510,0,35.907757,127.766922,South Korea
26761,3/16/20,8236,75,1137,0,35.907757,127.766922,South Korea
26486,3/17/20,8320,81,1407,0,35.907757,127.766922,South Korea
44134,3/18/20,8413,84,1540,0,35.907757,127.766922,South Korea
43842,3/19/20,8565,91,1540,0,35.907757,127.766922,South Korea
55327,3/20/20,8652,94,1540,0,35.907757,127.766922,South Korea
55627,3/21/20,8799,102,1540,0,35.907757,127.766922,South Korea
20859,3/22/20,8897,104,2909,5884,35.907757,127.766922,South Korea
17540,3/23/20,8961,111,3166,5684,35.907757,127.766922,South Korea
3691,3/24/20,9037,120,3507,5410,35.907757,127.766922,South Korea
7109,3/25/20,9137,126,3730,5281,35.907757,127.766922,South Korea
51281,3/26/20,9241,131,4144,4966,35.907757,127.766922,South Korea
47860,3/27/20,9332,139,4528,4665,35.907757,127.766922,South Korea
34053,3/28/20,9478,144,4811,4523,35.907757,127.766922,South Korea
30623,3/29/20,9583,152,5033,4398,35.907757,127.766922,South Korea
37968,3/30/20,9661,158,5228,4275,35.907757,127.766922,South Korea
40401,3/31/20,9786,162,5408,4216,35.907757,127.766922,South Korea
42886,4/1/20,9887,165,5567,4155,35.907757,127.766922,South Korea
9672,4/2/20,9976,169,5828,3979,35.907757,127.766922,South Korea
12297,4/3/20,10062,174,6021,3867,35.907757,127.766922,South Korea
26390,4/4/20,10156,177,6325,3654,35.907757,127.766922,South Korea
23709,4/5/20,10237,183,6463,3591,35.907757,127.766922,South Korea
54083,4/6/20,10284,186,6598,3500,35.907757,127.766922,South Korea
56274,2/1/20,1,0,0,0,40.4637,-3.7492,Spain
13443,2/1/20,1,0,0,0,40.4637,-3.7492,Spain
12864,2/9/20,2,0,0,0,40.4637,-3.7492,Spain
260,2/15/20,2,0,2,0,40.4637,-3.7492,Spain
43703,2/25/20,6,0,2,0,40.4637,-3.7492,Spain
46,2/26/20,13,0,2,0,40.4637,-3.7492,Spain
147,2/27/20,15,0,2,0,40.4637,-3.7492,Spain
54220,2/28/20,32,0,2,0,40.4637,-3.7492,Spain
54330,2/29/20,45,0,2,0,40.4637,-3.7492,Spain
13701,3/1/20,84,0,2,0,40.4637,-3.7492,Spain
56106,3/2/20,120,0,2,0,40.4637,-3.7492,Spain
55951,3/3/20,165,1,2,0,40.4637,-3.7492,Spain
34166,3/4/20,222,2,2,0,40.4637,-3.7492,Spain
34324,3/5/20,259,3,2,0,40.4637,-3.7492,Spain
13202,3/6/20,400,5,2,0,40.4637,-3.7492,Spain
12974,3/7/20,500,10,30,0,40.4637,-3.7492,Spain
56563,3/8/20,673,17,30,0,40.4637,-3.7492,Spain
56292,3/9/20,1073,28,32,0,40.4637,-3.7492,Spain
12393,3/10/20,1695,35,32,0,40.4637,-3.7492,Spain
12599,3/11/20,2277,54,183,0,40.4637,-3.7492,Spain
43125,3/11/20,5232,133,193,0,40.4637,-3.7492,Spain
43210,3/12/20,2277,55,183,0,40.4637,-3.7492,Spain
54414,3/14/20,6391,195,517,0,40.4637,-3.7492,Spain
54663,3/15/20,7798,289,517,0,40.4637,-3.7492,Spain
26760,3/16/20,9942,342,530,0,40.4637,-3.7492,Spain
26484,3/17/20,11748,533,1028,0,40.4637,-3.7492,Spain
44131,3/18/20,13910,623,1081,0,40.4637,-3.7492,Spain
43839,3/19/20,17963,830,1107,0,40.4637,-3.7492,Spain
55323,3/20/20,20410,1043,1588,0,40.4637,-3.7492,Spain
55622,3/21/20,25374,1375,2125,0,40.4637,-3.7492,Spain
20855,3/22/20,28603,1756,2125,24722,40.4637,-3.7492,Spain
17596,3/23/20,35136,2311,3355,29470,40.4637,-3.7492,Spain
3749,3/24/20,39885,2808,3794,33283,40.4637,-3.7492,Spain
7169,3/25/20,49515,3647,5367,40501,40.4637,-3.7492,Spain
51342,3/26/20,57786,4365,7015,46406,40.4637,-3.7492,Spain
47921,3/27/20,65719,5138,9357,51224,40.4637,-3.7492,Spain
34115,3/28/20,73235,5982,12285,54968,40.4637,-3.7492,Spain
30685,3/29/20,80110,6803,14709,58598,40.4637,-3.7492,Spain
38030,3/30/20,87956,7716,16780,63460,40.4637,-3.7492,Spain
40464,3/31/20,95923,8464,19259,68200,40.4637,-3.7492,Spain
42949,4/1/20,104118,9387,22647,72084,40.4637,-3.7492,Spain
9736,4/2/20,112065,10348,26743,74974,40.4637,-3.7492,Spain
12361,4/3/20,119199,11198,30513,77488,40.4637,-3.7492,Spain
26454,4/4/20,126168,11947,34219,80002,40.4637,-3.7492,Spain
23774,4/5/20,131646,12641,38080,80925,40.4637,-3.7492,Spain
54149,4/6/20,136675,13341,40437,82897,40.4637,-3.7492,Spain
13987,1/31/20,1,0,0,0,60.1282,18.6435,Sweden
56276,2/1/20,1,0,0,0,60.1282,18.6435,Sweden
273,2/1/20,1,0,0,0,60.1282,18.6435,Sweden
68,2/26/20,2,0,0,0,60.1282,18.6435,Sweden
155,2/27/20,7,0,0,0,60.1282,18.6435,Sweden
54343,2/29/20,12,0,0,0,60.1282,18.6435,Sweden
13720,3/1/20,14,0,0,0,60.1282,18.6435,Sweden
56130,3/2/20,15,0,0,0,60.1282,18.6435,Sweden
55976,3/3/20,21,0,0,0,60.1282,18.6435,Sweden
34191,3/4/20,35,0,0,0,60.1282,18.6435,Sweden
34338,3/5/20,94,0,0,0,60.1282,18.6435,Sweden
13222,3/6/20,101,0,0,0,60.1282,18.6435,Sweden
12989,3/7/20,161,0,0,0,60.1282,18.6435,Sweden
56578,3/8/20,203,0,0,0,60.1282,18.6435,Sweden
56311,3/9/20,248,0,1,0,60.1282,18.6435,Sweden
12413,3/10/20,355,0,1,0,60.1282,18.6435,Sweden
12616,3/11/20,500,1,1,0,60.1282,18.6435,Sweden
43051,3/11/20,814,1,1,0,60.1282,18.6435,Sweden
43225,3/12/20,599,1,1,0,60.1282,18.6435,Sweden
54425,3/14/20,961,2,1,0,60.1282,18.6435,Sweden
54673,3/15/20,1022,3,1,0,60.1282,18.6435,Sweden
26771,3/16/20,1103,6,1,0,60.1282,18.6435,Sweden
26498,3/17/20,1190,7,1,0,60.1282,18.6435,Sweden
44143,3/18/20,1279,10,1,0,60.1282,18.6435,Sweden
43850,3/19/20,1439,11,16,0,60.1282,18.6435,Sweden
55335,3/20/20,1639,16,16,0,60.1282,18.6435,Sweden
55635,3/21/20,1763,20,16,0,60.1282,18.6435,Sweden
20866,3/22/20,1931,21,16,1894,60.1282,18.6435,Sweden
17600,3/23/20,2046,25,16,2005,60.1282,18.6435,Sweden
3753,3/24/20,2286,36,16,2234,60.1282,18.6435,Sweden
7173,3/25/20,2526,62,16,2448,60.1282,18.6435,Sweden
51346,3/26/20,2840,77,16,2747,60.1282,18.6435,Sweden
47925,3/27/20,3069,105,16,2948,60.1282,18.6435,Sweden
34119,3/28/20,3447,105,16,3326,60.1282,18.6435,Sweden
30689,3/29/20,3700,110,16,3574,60.1282,18.6435,Sweden
38034,3/30/20,4028,146,16,3866,60.1282,18.6435,Sweden
40468,3/31/20,4435,180,16,4239,60.1282,18.6435,Sweden
42953,4/1/20,4947,239,103,4605,60.1282,18.6435,Sweden
9740,4/2/20,5568,308,103,5157,60.1282,18.6435,Sweden
12365,4/3/20,6131,358,205,5568,60.1282,18.6435,Sweden
26458,4/4/20,6443,373,205,5865,60.1282,18.6435,Sweden
23778,4/5/20,6830,401,205,6224,60.1282,18.6435,Sweden
54153,4/6/20,7206,477,205,6524,60.1282,18.6435,Sweden
13967,1/31/20,4,0,2,0,-33.8688,151.2093,Sydney
27275,1/27/20,4,0,0,0,-33.8688,151.2093,Sydney
44461,1/28/20,4,0,0,0,-33.8688,151.2093,Sydney
44513,1/29/20,4,0,0,0,-33.8688,151.2093,Sydney
14038,1/30/20,4,0,2,0,-33.8688,151.2093,Sydney
56257,2/1/20,4,0,2,0,-33.8688,151.2093,Sydney
13423,2/1/20,4,0,2,0,-33.8688,151.2093,Sydney
12855,2/6/20,4,0,2,0,-33.8688,151.2093,Sydney
54,2/13/20,4,0,4,0,-33.8688,151.2093,Sydney
13731,3/1/20,6,0,4,0,-33.8688,151.2093,Sydney
55981,3/3/20,13,0,4,0,-33.8688,151.2093,Sydney
34198,3/4/20,22,1,4,0,-33.8688,151.2093,Sydney
13240,3/6/20,26,1,4,0,-33.8688,151.2093,Sydney
13017,3/7/20,28,1,4,0,-33.8688,151.2093,Sydney
56610,3/8/20,38,3,4,0,-33.8688,151.2093,Sydney
56340,3/9/20,48,3,4,0,-33.8688,151.2093,Sydney
12449,3/10/20,55,2,4,0,-33.8688,151.2093,Sydney
12655,3/11/20,65,2,4,0,-33.8688,151.2093,Sydney
43014,3/11/20,92,2,4,0,-33.8688,151.2093,Sydney
54471,3/14/20,112,2,4,0,-33.8688,151.2093,Sydney
54716,3/15/20,134,2,4,0,-33.8688,151.2093,Sydney
26812,3/16/20,171,2,4,0,-33.8688,151.2093,Sydney
26537,3/17/20,210,4,4,0,-33.8688,151.2093,Sydney
44176,3/18/20,267,5,4,0,-33.8688,151.2093,Sydney
43891,3/19/20,307,5,4,0,-33.8688,151.2093,Sydney
55381,3/20/20,353,6,4,0,-33.8688,151.2093,Sydney
55677,3/21/20,436,6,4,0,-33.8688,151.2093,Sydney
20810,3/22/20,669,6,4,659,-33.8688,151.2093,Sydney
17427,3/23/20,669,6,4,659,-33.8688,151.2093,Sydney
3575,3/24/20,818,7,4,807,-33.8688,151.2093,Sydney
6991,3/25/20,1029,7,4,1018,-33.8688,151.2093,Sydney
51161,3/26/20,1219,7,4,1208,-33.8688,151.2093,Sydney
47739,3/27/20,1405,7,4,1394,-33.8688,151.2093,Sydney
33931,3/28/20,1617,8,4,1605,-33.8688,151.2093,Sydney
30501,3/29/20,1791,8,4,1779,-33.8688,151.2093,Sydney
37845,3/30/20,2032,8,4,2020,-33.8688,151.2093,Sydney
40277,3/31/20,2032,8,4,2020,-33.8688,151.2093,Sydney
42762,4/1/20,2182,9,4,2169,-33.8688,151.2093,Sydney
9548,4/2/20,2298,10,4,2284,-33.8688,151.2093,Sydney
12173,4/3/20,2389,12,4,2373,-33.8688,151.2093,Sydney
26266,4/4/20,2493,12,4,2477,-33.8688,151.2093,Sydney
23584,4/5/20,2580,16,4,2560,-33.8688,151.2093,Sydney
53958,4/6/20,2637,18,4,2615,-33.8688,151.2093,Sydney
17824,3/22/20,58,0,0,0,27.9276559,-82.32013172,Tampa
15478,3/23/20,75,0,0,0,27.9276559,-82.32013172,Tampa
1629,3/24/20,91,0,0,0,27.9276559,-82.32013172,Tampa
5046,3/25/20,106,0,0,0,27.9276559,-82.32013172,Tampa
49218,3/26/20,142,1,0,0,27.9276559,-82.32013172,Tampa
45789,3/27/20,167,1,0,0,27.9276559,-82.32013172,Tampa
31982,3/28/20,195,2,0,0,27.9276559,-82.32013172,Tampa
28548,3/29/20,218,2,0,0,27.9276559,-82.32013172,Tampa
35888,3/30/20,253,2,0,0,27.9276559,-82.32013172,Tampa
38910,3/31/20,305,3,0,0,27.9276559,-82.32013172,Tampa
41369,4/1/20,309,3,0,0,27.9276559,-82.32013172,Tampa
8109,4/2/20,404,5,0,0,27.9276559,-82.32013172,Tampa
10695,4/3/20,463,5,0,0,27.9276559,-82.32013172,Tampa
24754,4/4/20,497,5,0,0,27.9276559,-82.32013172,Tampa
22026,4/5/20,536,5,0,0,27.9276559,-82.32013172,Tampa
52371,4/6/20,571,5,0,0,27.9276559,-82.32013172,Tampa
13973,1/31/20,2,0,0,0,51.2538,-85.3232,Toronto
27225,1/26/20,1,0,0,0,51.2538,-85.3232,Toronto
27271,1/27/20,1,0,0,0,51.2538,-85.3232,Toronto
44457,1/28/20,1,0,0,0,51.2538,-85.3232,Toronto
44509,1/29/20,1,0,0,0,51.2538,-85.3232,Toronto
14034,1/30/20,2,0,0,0,51.2538,-85.3232,Toronto
56261,2/1/20,3,0,0,0,51.2538,-85.3232,Toronto
13835,2/1/20,3,0,0,0,51.2538,-85.3232,Toronto
56348,3/9/20,34,0,4,0,51.2538,-85.3232,Toronto
12458,3/10/20,36,0,4,0,51.2538,-85.3232,Toronto
12669,3/11/20,41,0,4,0,51.2538,-85.3232,Toronto
43026,3/11/20,74,0,4,0,51.2538,-85.3232,Toronto
43285,3/12/20,42,0,4,0,51.2538,-85.3232,Toronto
54486,3/14/20,79,0,4,0,51.2538,-85.3232,Toronto
54731,3/15/20,104,0,4,0,51.2538,-85.3232,Toronto
26809,3/16/20,177,0,5,0,51.2538,-85.3232,Toronto
26542,3/17/20,185,1,5,0,51.2538,-85.3232,Toronto
44188,3/18/20,221,1,5,0,51.2538,-85.3232,Toronto
43902,3/19/20,257,1,5,0,51.2538,-85.3232,Toronto
55386,3/20/20,308,2,5,0,51.2538,-85.3232,Toronto
55686,3/21/20,377,3,6,0,51.2538,-85.3232,Toronto
20797,3/22/20,425,5,0,0,51.2538,-85.3232,Toronto
17433,3/23/20,503,6,0,0,51.2538,-85.3232,Toronto
3581,3/24/20,588,7,0,0,51.2538,-85.3232,Toronto
6997,3/25/20,688,8,0,0,51.2538,-85.3232,Toronto
51168,3/26/20,858,13,0,0,51.2538,-85.3232,Toronto
47746,3/27/20,994,18,0,0,51.2538,-85.3232,Toronto
33938,3/28/20,1144,18,0,0,51.2538,-85.3232,Toronto
30508,3/29/20,1355,21,0,0,51.2538,-85.3232,Toronto
37852,3/30/20,1706,31,0,0,51.2538,-85.3232,Toronto
40284,3/31/20,1966,33,0,0,51.2538,-85.3232,Toronto
42769,4/1/20,2392,37,0,0,51.2538,-85.3232,Toronto
9555,4/2/20,2793,53,0,0,51.2538,-85.3232,Toronto
12180,4/3/20,3255,67,0,0,51.2538,-85.3232,Toronto
26273,4/4/20,3630,94,0,0,51.2538,-85.3232,Toronto
23591,4/5/20,4354,119,0,0,51.2538,-85.3232,Toronto
53965,4/6/20,4347,150,0,0,51.2538,-85.3232,Toronto
12790,3/11/20,1,0,0,0,38.9637,35.2433,Turkey
43055,3/11/20,5,0,0,0,38.9637,35.2433,Turkey
54589,3/13/20,5,0,0,0,38.9637,35.2433,Turkey
54838,3/15/20,6,0,0,0,38.9637,35.2433,Turkey
26912,3/16/20,18,0,0,0,38.9637,35.2433,Turkey
26609,3/17/20,47,1,0,0,38.9637,35.2433,Turkey
44222,3/18/20,98,1,0,0,38.9637,35.2433,Turkey
43916,3/19/20,192,3,0,0,38.9637,35.2433,Turkey
55380,3/20/20,359,4,0,0,38.9637,35.2433,Turkey
55658,3/21/20,670,9,0,0,38.9637,35.2433,Turkey
20871,3/22/20,1236,30,0,1206,38.9637,35.2433,Turkey
17610,3/23/20,1529,37,0,1492,38.9637,35.2433,Turkey
3763,3/24/20,1872,44,0,1828,38.9637,35.2433,Turkey
7183,3/25/20,2433,59,26,2348,38.9637,35.2433,Turkey
51356,3/26/20,3629,75,26,3528,38.9637,35.2433,Turkey
47935,3/27/20,5698,92,42,5564,38.9637,35.2433,Turkey
34129,3/28/20,7402,108,70,7224,38.9637,35.2433,Turkey
30699,3/29/20,9217,131,105,8981,38.9637,35.2433,Turkey
38044,3/30/20,10827,168,162,10497,38.9637,35.2433,Turkey
40478,3/31/20,13531,214,243,13074,38.9637,35.2433,Turkey
42963,4/1/20,15679,277,333,15069,38.9637,35.2433,Turkey
9750,4/2/20,18135,356,415,17364,38.9637,35.2433,Turkey
12375,4/3/20,20921,425,484,20012,38.9637,35.2433,Turkey
26468,4/4/20,23934,501,786,22647,38.9637,35.2433,Turkey
23788,4/5/20,27069,574,1042,25453,38.9637,35.2433,Turkey
54163,4/6/20,30217,649,1326,28242,38.9637,35.2433,Turkey
43061,3/11/20,798,8,18,0,55.3781,-3.436,United Kingdom
54421,3/14/20,1140,21,18,0,55.3781,-3.436,United Kingdom
54671,3/14/20,1140,21,18,0,55.3781,-3.436,United Kingdom
26765,3/16/20,1543,55,20,0,55.3781,-3.436,United Kingdom
26489,3/17/20,1950,55,52,0,55.3781,-3.436,United Kingdom
44136,3/18/20,2626,71,65,0,55.3781,-3.436,United Kingdom
43845,3/19/20,2689,137,65,0,55.3781,-3.436,United Kingdom
55330,3/20/20,3983,177,65,0,55.3781,-3.436,United Kingdom
55629,3/21/20,5018,233,65,0,55.3781,-3.436,United Kingdom
20861,3/22/20,5683,281,93,5309,55.3781,-3.436,United Kingdom
17614,3/23/20,6650,335,135,6180,55.3781,-3.436,United Kingdom
3767,3/24/20,8077,422,135,7520,55.3781,-3.436,United Kingdom
7187,3/25/20,9529,465,135,8929,55.3781,-3.436,United Kingdom
51360,3/26/20,11658,578,135,10945,55.3781,-3.436,United Kingdom
47939,3/27/20,14543,759,135,13649,55.3781,-3.436,United Kingdom
34133,3/28/20,17089,1019,135,15935,55.3781,-3.436,United Kingdom
30703,3/29/20,19522,1228,135,18159,55.3781,-3.436,United Kingdom
38048,3/30/20,22141,1408,135,20598,55.3781,-3.436,United Kingdom
40482,3/31/20,25150,1789,135,23226,55.3781,-3.436,United Kingdom
42967,4/1/20,29474,2352,135,26987,55.3781,-3.436,United Kingdom
9754,4/2/20,33718,2921,135,30662,55.3781,-3.436,United Kingdom
12379,4/3/20,38168,3605,135,34428,55.3781,-3.436,United Kingdom
26472,4/4/20,41903,4313,135,37455,55.3781,-3.436,United Kingdom
23792,4/5/20,47806,4934,135,42737,55.3781,-3.436,United Kingdom
54167,4/6/20,51608,5373,135,46100,55.3781,-3.436,United Kingdom